{
  "budgets": {
    "4": {
      "development_finalists": [
        {
          "blocks": [
            4,
            16,
            21,
            22
          ],
          "objective": {
            "collateral_drop_pp": 14.109718406593407,
            "kind": "task",
            "mean_drop_pp": 1.5384615384615385,
            "objective_vector": [
              1.5384615384615385,
              3.076923076923077,
              14.109718406593407,
              1.5384615384615385
            ],
            "selection_score": 3.8856885302197806,
            "source_variability_pp": 1.5384615384615385,
            "target_capability": "object",
            "worst_source_drop_pp": 3.076923076923077
          }
        },
        {
          "blocks": [
            5,
            11,
            22,
            25
          ],
          "objective": {
            "collateral_drop_pp": 9.241929945054945,
            "kind": "task",
            "mean_drop_pp": 3.8701923076923106,
            "objective_vector": [
              3.8701923076923106,
              4.615384615384621,
              9.241929945054945,
              0.7451923076923106
            ],
            "selection_score": 4.587010645604399,
            "source_variability_pp": 0.7451923076923106,
            "target_capability": "object",
            "worst_source_drop_pp": 4.615384615384621
          }
        },
        {
          "blocks": [
            14,
            15,
            23,
            24
          ],
          "objective": {
            "collateral_drop_pp": 14.102564102564102,
            "kind": "task",
            "mean_drop_pp": 3.125,
            "objective_vector": [
              3.125,
              6.25,
              14.102564102564102,
              3.125
            ],
            "selection_score": 5.709134615384616,
            "source_variability_pp": 3.125,
            "target_capability": "object",
            "worst_source_drop_pp": 6.25
          }
        },
        {
          "blocks": [
            11,
            15,
            16,
            24
          ],
          "objective": {
            "collateral_drop_pp": 17.80849358974359,
            "kind": "task",
            "mean_drop_pp": 4.639423076923077,
            "objective_vector": [
              4.639423076923077,
              6.153846153846154,
              17.80849358974359,
              1.514423076923077
            ],
            "selection_score": 6.7566105769230775,
            "source_variability_pp": 1.514423076923077,
            "target_capability": "object",
            "worst_source_drop_pp": 6.153846153846154
          }
        }
      ],
      "frozen_route": {
        "blocks": [
          4,
          16,
          21,
          22
        ],
        "objective": {
          "collateral_drop_pp": 11.452724722670325,
          "kind": "task",
          "mean_drop_pp": 0.30303030303029943,
          "objective_vector": [
            0.30303030303029943,
            0.6060606060605989,
            11.452724722670325,
            0.30303030303029943
          ],
          "selection_score": 2.066393556885393,
          "source_variability_pp": 0.30303030303029943,
          "target_capability": "object",
          "worst_source_drop_pp": 0.6060606060605989
        }
      },
      "seed_development_winners": [
        [
          4,
          16,
          21,
          22
        ],
        [
          14,
          15,
          23,
          24
        ],
        [
          5,
          11,
          22,
          25
        ]
      ],
      "seed_route_stability_jaccard": 0.047619047619047616,
      "selection_candidates": [
        {
          "blocks": [
            4,
            16,
            21,
            22
          ],
          "objective": {
            "collateral_drop_pp": 11.452724722670325,
            "kind": "task",
            "mean_drop_pp": 0.30303030303029943,
            "objective_vector": [
              0.30303030303029943,
              0.6060606060605989,
              11.452724722670325,
              0.30303030303029943
            ],
            "selection_score": 2.066393556885393,
            "source_variability_pp": 0.30303030303029943,
            "target_capability": "object",
            "worst_source_drop_pp": 0.6060606060605989
          }
        },
        {
          "blocks": [
            5,
            11,
            22,
            25
          ],
          "objective": {
            "collateral_drop_pp": 12.677441784838374,
            "kind": "task",
            "mean_drop_pp": 0.9090909090909094,
            "objective_vector": [
              0.9090909090909094,
              1.8181818181818188,
              12.677441784838374,
              0.9090909090909094
            ],
            "selection_score": 2.947070813180302,
            "source_variability_pp": 0.9090909090909094,
            "target_capability": "object",
            "worst_source_drop_pp": 1.8181818181818188
          }
        },
        {
          "blocks": [
            14,
            15,
            23,
            24
          ],
          "objective": {
            "collateral_drop_pp": 17.347037808477587,
            "kind": "task",
            "mean_drop_pp": 6.2662337662337695,
            "objective_vector": [
              6.2662337662337695,
              10.71428571428572,
              17.347037808477587,
              4.448051948051951
            ],
            "selection_score": 9.080951775167746,
            "source_variability_pp": 4.448051948051951,
            "target_capability": "object",
            "worst_source_drop_pp": 10.71428571428572
          }
        }
      ]
    }
  },
  "evidence_status": "processed-v2 method-selection evidence; not sealed external-heldout evidence",
  "family": "object",
  "input_hashes": {
    "all_manifest": "ec3712d74a43caf8dd3d1818788ee0a92bc82e7aa597d640b00f089c6ed357c8",
    "baseline_predictions": "311e8cd4ca9340d9f674da880e70479812af82b0aac8ebfd20bb6f385a053ca1",
    "model_config": "7dcadbceb366f47810a30c57005366ceea99daeef48ec3e1c813638c6c7f42e2",
    "phase3_summaries": {},
    "prepared_manifests": {
      "development": {
        "path": "/home/ubuntu/vlm-bench/data/processed-v2/robust-route-search-smolvlm2-2b-k4/prepared/development-evaluation.jsonl",
        "sha256": "21d99d04e6b4d869bf5ef8ac0118084421bb9b177a2c3aa5a845e4b601ff757b"
      },
      "scout": {
        "path": "/home/ubuntu/vlm-bench/data/processed-v2/robust-route-search-smolvlm2-2b-k4/prepared/scout-task-object.jsonl",
        "sha256": "b4928ab6bf549eff61719460e55df3443135af1da99e367db496f5ee188b6e3d"
      },
      "selection": {
        "path": "/home/ubuntu/vlm-bench/data/processed-v2/robust-route-search-smolvlm2-2b-k4/prepared/selection.jsonl",
        "sha256": "343d7e7e85baf2cc1ed6f6d5b973f8a1d1b1edb1f243e594ffd410b27dba0f82"
      }
    },
    "routes": "78dccefccc6bf8174d07539830f2014823266d042af9940ac6b9d047a3ef13f4",
    "search_config": "ab27d6e3d8df1bf7407f380e8c4fbe29c5b79ced0a2af6fa00970524fa05f424",
    "sensitivity": "c4281784ffad5637593b835e776a8f6cefcac1b0fd683560b6af8634cad4f055"
  },
  "protocol": {
    "budgets": [
      4
    ],
    "development_finalists_per_seed": 2,
    "generations": 2,
    "population_size": 12,
    "seeds": [
      20260715,
      20260716,
      20260717
    ],
    "selection_finalists": 3
  },
  "schema_version": 1,
  "status": "complete",
  "updated_at": "2026-07-16T11:54:10.161936+00:00"
}
