{
  "budgets": {
    "4": {
      "development_finalists": [
        {
          "blocks": [
            4,
            22,
            24,
            25
          ],
          "objective": {
            "collateral_drop_pp": 0.0,
            "kind": "generic",
            "mean_drop_pp": 9.636217948717949,
            "objective_vector": [
              9.636217948717949,
              25.0,
              7.471510822357562
            ],
            "selection_score": 13.812411138830488,
            "source_variability_pp": 7.471510822357562,
            "target_capability": null,
            "worst_source_drop_pp": 25.0
          }
        },
        {
          "blocks": [
            5,
            11,
            22,
            25
          ],
          "objective": {
            "collateral_drop_pp": 0.0,
            "kind": "generic",
            "mean_drop_pp": 8.167582417582418,
            "objective_vector": [
              8.167582417582418,
              29.166666666666664,
              8.751640159349549
            ],
            "selection_score": 14.584119240661117,
            "source_variability_pp": 8.751640159349549,
            "target_capability": null,
            "worst_source_drop_pp": 29.166666666666664
          }
        },
        {
          "blocks": [
            9,
            16,
            19,
            24
          ],
          "objective": {
            "collateral_drop_pp": 0.0,
            "kind": "generic",
            "mean_drop_pp": 10.869734432234432,
            "objective_vector": [
              10.869734432234432,
              29.166666666666664,
              7.264175628620803
            ],
            "selection_score": 15.637702341841376,
            "source_variability_pp": 7.264175628620803,
            "target_capability": null,
            "worst_source_drop_pp": 29.166666666666664
          }
        },
        {
          "blocks": [
            7,
            16,
            21,
            25
          ],
          "objective": {
            "collateral_drop_pp": 0.0,
            "kind": "generic",
            "mean_drop_pp": 10.834020146520148,
            "objective_vector": [
              10.834020146520148,
              41.66666666666667,
              13.640700782957687
            ],
            "selection_score": 20.645150229851616,
            "source_variability_pp": 13.640700782957687,
            "target_capability": null,
            "worst_source_drop_pp": 41.66666666666667
          }
        },
        {
          "blocks": [
            4,
            16,
            21,
            22
          ],
          "objective": {
            "collateral_drop_pp": 0.0,
            "kind": "generic",
            "mean_drop_pp": 11.595467032967033,
            "objective_vector": [
              11.595467032967033,
              45.83333333333333,
              13.709490867533669
            ],
            "selection_score": 22.289631689990248,
            "source_variability_pp": 13.709490867533669,
            "target_capability": null,
            "worst_source_drop_pp": 45.83333333333333
          }
        },
        {
          "blocks": [
            11,
            15,
            16,
            24
          ],
          "objective": {
            "collateral_drop_pp": 0.0,
            "kind": "generic",
            "mean_drop_pp": 15.174679487179489,
            "objective_vector": [
              15.174679487179489,
              75.0,
              20.54696233463639
            ],
            "selection_score": 34.19673221051702,
            "source_variability_pp": 20.54696233463639,
            "target_capability": null,
            "worst_source_drop_pp": 75.0
          }
        }
      ],
      "frozen_route": {
        "blocks": [
          4,
          22,
          24,
          25
        ],
        "objective": {
          "collateral_drop_pp": 0.0,
          "kind": "generic",
          "mean_drop_pp": 9.406518679205536,
          "objective_vector": [
            9.406518679205536,
            26.618705035971225,
            7.368185602069662
          ],
          "selection_score": 14.162507970808067,
          "source_variability_pp": 7.368185602069662,
          "target_capability": null,
          "worst_source_drop_pp": 26.618705035971225
        }
      },
      "seed_development_winners": [
        [
          4,
          22,
          24,
          25
        ],
        [
          9,
          16,
          19,
          24
        ],
        [
          5,
          11,
          22,
          25
        ]
      ],
      "seed_route_stability_jaccard": 0.15873015873015872,
      "selection_candidates": [
        {
          "blocks": [
            4,
            22,
            24,
            25
          ],
          "objective": {
            "collateral_drop_pp": 0.0,
            "kind": "generic",
            "mean_drop_pp": 9.406518679205536,
            "objective_vector": [
              9.406518679205536,
              26.618705035971225,
              7.368185602069662
            ],
            "selection_score": 14.162507970808067,
            "source_variability_pp": 7.368185602069662,
            "target_capability": null,
            "worst_source_drop_pp": 26.618705035971225
          }
        },
        {
          "blocks": [
            5,
            11,
            22,
            25
          ],
          "objective": {
            "collateral_drop_pp": 0.0,
            "kind": "generic",
            "mean_drop_pp": 10.32377160968888,
            "objective_vector": [
              10.32377160968888,
              40.28776978417266,
              11.434723702191398
            ],
            "selection_score": 19.53516148053452,
            "source_variability_pp": 11.434723702191398,
            "target_capability": null,
            "worst_source_drop_pp": 40.28776978417266
          }
        },
        {
          "blocks": [
            9,
            16,
            19,
            24
          ],
          "objective": {
            "collateral_drop_pp": 0.0,
            "kind": "generic",
            "mean_drop_pp": 12.074735896596666,
            "objective_vector": [
              12.074735896596666,
              50.35971223021583,
              14.408895360377754
            ],
            "selection_score": 24.02706068943863,
            "source_variability_pp": 14.408895360377754,
            "target_capability": null,
            "worst_source_drop_pp": 50.35971223021583
          }
        }
      ]
    }
  },
  "evidence_status": "processed-v2 method-selection evidence; not sealed external-heldout evidence",
  "family": "generic",
  "input_hashes": {
    "all_manifest": "ec3712d74a43caf8dd3d1818788ee0a92bc82e7aa597d640b00f089c6ed357c8",
    "baseline_predictions": "311e8cd4ca9340d9f674da880e70479812af82b0aac8ebfd20bb6f385a053ca1",
    "model_config": "7dcadbceb366f47810a30c57005366ceea99daeef48ec3e1c813638c6c7f42e2",
    "phase3_summaries": {},
    "prepared_manifests": {
      "development": {
        "path": "/home/ubuntu/vlm-bench/data/processed-v2/robust-route-search-smolvlm2-2b-k4/prepared/development-evaluation.jsonl",
        "sha256": "21d99d04e6b4d869bf5ef8ac0118084421bb9b177a2c3aa5a845e4b601ff757b"
      },
      "scout": {
        "path": "/home/ubuntu/vlm-bench/data/processed-v2/robust-route-search-smolvlm2-2b-k4/prepared/scout-generic.jsonl",
        "sha256": "df54efa7cac966ad6a7ee215c1b983986105fdef09ed076b9a3dd880412c3d18"
      },
      "selection": {
        "path": "/home/ubuntu/vlm-bench/data/processed-v2/robust-route-search-smolvlm2-2b-k4/prepared/selection.jsonl",
        "sha256": "343d7e7e85baf2cc1ed6f6d5b973f8a1d1b1edb1f243e594ffd410b27dba0f82"
      }
    },
    "routes": "78dccefccc6bf8174d07539830f2014823266d042af9940ac6b9d047a3ef13f4",
    "search_config": "ab27d6e3d8df1bf7407f380e8c4fbe29c5b79ced0a2af6fa00970524fa05f424",