{
  "budgets": {
    "4": {
      "development_finalists": [
        {
          "blocks": [
            3,
            5,
            17,
            30
          ],
          "objective": {
            "collateral_drop_pp": 8.887534340659343,
            "kind": "task",
            "mean_drop_pp": -0.7428278688524581,
            "objective_vector": [
              -0.7428278688524581,
              1.6393442622950838,
              8.887534340659343,
              2.382172131147542
            ],
            "selection_score": 1.7288781019185748,
            "source_variability_pp": 2.382172131147542,
            "target_capability": "object",
            "worst_source_drop_pp": 1.6393442622950838
          }
        },
        {
          "blocks": [
            2,
            10,
            17,
            30
          ],
          "objective": {
            "collateral_drop_pp": 10.59758470695971,
            "kind": "task",
            "mean_drop_pp": -0.7428278688524581,
            "objective_vector": [
              -0.7428278688524581,
              1.6393442622950838,
              10.59758470695971,
              2.382172131147542
            ],
            "selection_score": 1.9853856568636297,
            "source_variability_pp": 2.382172131147542,
            "target_capability": "object",
            "worst_source_drop_pp": 1.6393442622950838
          }
        },
        {
          "blocks": [
            3,
            5,
            10,
            19
          ],
          "objective": {
            "collateral_drop_pp": 5.147435897435898,
            "kind": "task",
            "mean_drop_pp": 0.8965163934426199,
            "objective_vector": [
              0.8965163934426199,
              4.91803278688524,
              5.147435897435898,
              4.02151639344262
            ],
            "selection_score": 3.0531092370743975,
            "source_variability_pp": 4.02151639344262,
            "target_capability": "object",
            "worst_source_drop_pp": 4.91803278688524
          }
        },
        {
          "blocks": [
            5,
            9,
            24,
            25
          ],
          "objective": {
            "collateral_drop_pp": 2.6082875457875465,
            "kind": "task",
            "mean_drop_pp": 3.2786885245901622,
            "objective_vector": [
              3.2786885245901622,
              6.5573770491803245,
              2.6082875457875465,
              3.2786885245901622
            ],
            "selection_score": 4.161734935146818,
            "source_variability_pp": 3.2786885245901622,
            "target_capability": "object",
            "worst_source_drop_pp": 6.5573770491803245
          }
        },
        {
          "blocks": [
            5,
            9,
            12,
            17
          ],
          "objective": {
            "collateral_drop_pp": 8.123626373626374,
            "kind": "task",
            "mean_drop_pp": 5.660860655737704,
            "objective_vector": [
              5.660860655737704,
              8.196721311475407,
              8.123626373626374,
              2.5358606557377037
            ],
            "selection_score": 6.478533710142314,
            "source_variability_pp": 2.5358606557377037,
            "target_capability": "object",
            "worst_source_drop_pp": 8.196721311475407
          }
        },
        {
          "blocks": [
            15,
            17,
            25,
            27
          ],
          "objective": {
            "collateral_drop_pp": 25.937671703296704,
            "kind": "task",
            "mean_drop_pp": 5.7377049180327875,
            "objective_vector": [
              5.7377049180327875,
              11.475409836065575,
              25.937671703296704,
              5.7377049180327875
            ],
            "selection_score": 10.48901141123221,
            "source_variability_pp": 5.7377049180327875,
            "target_capability": "object",
            "worst_source_drop_pp": 11.475409836065575
          }
        }
      ],
      "frozen_route": {
        "blocks": [
          3,
          5,
          10,
          19
        ],
        "objective": {
          "collateral_drop_pp": 2.8270335151577064,
          "kind": "task",
          "mean_drop_pp": 0.0,
          "objective_vector": [
            0.0,
            0.0,
            2.8270335151577064,
            0.0
          ],
          "selection_score": 0.42405502727365596,
          "source_variability_pp": 0.0,
          "target_capability": "object",
          "worst_source_drop_pp": 0.0
        }
      },
      "seed_development_winners": [
        [
          5,
          9,
          24,
          25
        ],
        [
          2,
          10,
          17,
          30
        ],
        [
          3,
          5,
          17,
          30
        ]
      ],
      "seed_route_stability_jaccard": 0.15873015873015872,
      "selection_candidates": [
        {
          "blocks": [
            3,
            5,
            10,
            19
          ],
          "objective": {
            "collateral_drop_pp": 2.8270335151577064,
            "kind": "task",
            "mean_drop_pp": 0.0,
            "objective_vector": [
              0.0,
              0.0,
              2.8270335151577064,
              0.0
            ],
            "selection_score": 0.42405502727365596,
            "source_variability_pp": 0.0,
            "target_capability": "object",
            "worst_source_drop_pp": 0.0
          }
        },
        {
          "blocks": [
            3,
            5,
            17,
            30
          ],
          "objective": {
            "collateral_drop_pp": 8.765811821846947,
            "kind": "task",
            "mean_drop_pp": -0.6060606060606044,
            "objective_vector": [
              -0.6060606060606044,
              0.0,
              8.765811821846947,
              0.6060606060606044
            ],
            "selection_score": 1.1027505611558306,
            "source_variability_pp": 0.6060606060606044,
            "target_capability": "object",
            "worst_source_drop_pp": 0.0
          }
        },
        {
          "blocks": [
            2,
            10,
            17,
            30
          ],
          "objective": {
            "collateral_drop_pp": 8.822738330329603,
            "kind": "task",
            "mean_drop_pp": 3.603896103896104,
            "objective_vector": [
              3.603896103896104,
              3.6363636363636376,
              8.822738330329603,
              0.032467532467533866
            ],
            "selection_score": 4.039319840458532,
            "source_variability_pp": 0.032467532467533866,
            "target_capability": "object",
            "worst_source_drop_pp": 3.6363636363636376
          }
        }
      ]
    },
    "6": {
      "development_finalists": [
        {
          "blocks": [
            2,
            9,
            10,
            17,
            23,
            30
          ],
          "objective": {
            "collateral_drop_pp": 22.266082875457876,
            "kind": "task",
            "mean_drop_pp": 0.8196721311475419,
            "objective_vector": [
              0.8196721311475419,
              1.6393442622950838,
              22.266082875457876,
              0.8196721311475419
            ],
            "selection_score": 4.282535382138354,
            "source_variability_pp": 0.8196721311475419,
            "target_capability": "object",
            "worst_source_drop_pp": 1.6393442622950838
          }
        },
        {
          "blocks": [
            4,
            10,
            21,
            25,
            27,
            30
          ],
          "objective": {
            "collateral_drop_pp": 9.099473443223445,
            "kind": "task",
            "mean_drop_pp": 3.2786885245901622,