{
  "budgets": {
    "4": {
      "development_finalists": [
        {
          "blocks": [
            8,
            15,
            21,
            23
          ],
          "objective": {
            "collateral_drop_pp": 11.646062271062272,
            "kind": "task",
            "mean_drop_pp": 1.5625,
            "objective_vector": [
              1.5625,
              3.125,
              11.646062271062272,
              1.5625
            ],
            "selection_score": 3.543784340659341,
            "source_variability_pp": 1.5625,
            "target_capability": "attribute",
            "worst_source_drop_pp": 3.125
          }
        },
        {
          "blocks": [
            5,
            11,
            22,
            25
          ],
          "objective": {
            "collateral_drop_pp": 7.995936355311355,
            "kind": "task",
            "mean_drop_pp": 8.854166666666668,
            "objective_vector": [
              8.854166666666668,
              9.375,
              7.995936355311355,
              0.5208333333333313
            ],
            "selection_score": 8.048348786630036,
            "source_variability_pp": 0.5208333333333313,
            "target_capability": "attribute",
            "worst_source_drop_pp": 9.375
          }
        },
        {
          "blocks": [
            4,
            7,
            18,
            26
          ],
          "objective": {
            "collateral_drop_pp": 18.696199633699635,
            "kind": "task",
            "mean_drop_pp": 6.7708333333333375,
            "objective_vector": [
              6.7708333333333375,
              9.375,
              18.696199633699635,
              2.604166666666663
            ],
            "selection_score": 8.924221611721613,
            "source_variability_pp": 2.604166666666663,
            "target_capability": "attribute",
            "worst_source_drop_pp": 9.375
          }
        },
        {
          "blocks": [
            5,
            7,
            18,
            19
          ],
          "objective": {
            "collateral_drop_pp": 12.36521291208791,
            "kind": "task",
            "mean_drop_pp": 12.5,
            "objective_vector": [
              12.5,
              12.5,
              12.36521291208791,
              0.0
            ],
            "selection_score": 11.229781936813188,
            "source_variability_pp": 0.0,
            "target_capability": "attribute",
            "worst_source_drop_pp": 12.5
          }
        },
        {
          "blocks": [
            9,
            10,
            14,
            18
          ],
          "objective": {
            "collateral_drop_pp": 20.849645146520146,
            "kind": "task",
            "mean_drop_pp": 14.0625,
            "objective_vector": [
              14.0625,
              15.625,
              20.849645146520146,
              1.5625
            ],
            "selection_score": 14.29932177197802,
            "source_variability_pp": 1.5625,
            "target_capability": "attribute",
            "worst_source_drop_pp": 15.625
          }
        },
        {
          "blocks": [
            2,
            4,
            5,
            24
          ],
          "objective": {
            "collateral_drop_pp": 25.05179716117216,
            "kind": "task",
            "mean_drop_pp": 19.270833333333336,
            "objective_vector": [
              19.270833333333336,
              21.875,
              25.05179716117216,
              2.6041666666666625
            ],
            "selection_score": 19.252561240842493,
            "source_variability_pp": 2.6041666666666625,
            "target_capability": "attribute",
            "worst_source_drop_pp": 21.875
          }
        }
      ],
      "frozen_route": {
        "blocks": [
          5,
          11,
          22,
          25
        ],
        "objective": {
          "collateral_drop_pp": 11.021950536955819,
          "kind": "task",
          "mean_drop_pp": 7.5310559006211255,
          "objective_vector": [
            7.5310559006211255,
            10.71428571428572,
            11.021950536955819,
            3.183229813664595
          ],
          "selection_score": 8.574876431475055,
          "source_variability_pp": 3.183229813664595,
          "target_capability": "attribute",
          "worst_source_drop_pp": 10.71428571428572
        }
      },
      "seed_development_winners": [
        [
          8,
          15,
          21,
          23
        ],
        [
          5,
          7,
          18,
          19
        ],
        [
          5,
          11,
          22,
          25
        ]
      ],
      "seed_route_stability_jaccard": 0.047619047619047616,
      "selection_candidates": [
        {
          "blocks": [
            5,
            11,
            22,
            25
          ],
          "objective": {
            "collateral_drop_pp": 11.021950536955819,
            "kind": "task",
            "mean_drop_pp": 7.5310559006211255,
            "objective_vector": [
              7.5310559006211255,
              10.71428571428572,
              11.021950536955819,
              3.183229813664595
            ],
            "selection_score": 8.574876431475055,
            "source_variability_pp": 3.183229813664595,
            "target_capability": "attribute",
            "worst_source_drop_pp": 10.71428571428572
          }
        },
        {
          "blocks": [
            8,
            15,
            21,
            23
          ],
          "objective": {
            "collateral_drop_pp": 15.200858124655,
            "kind": "task",
            "mean_drop_pp": 8.954451345755698,
            "objective_vector": [
              8.954451345755698,
              14.28571428571429,
              15.200858124655,
              5.331262939958592
            ],
            "selection_score": 11.12847240399846,
            "source_variability_pp": 5.331262939958592,
            "target_capability": "attribute",
            "worst_source_drop_pp": 14.28571428571429
          }
        },
        {
          "blocks": [
            4,
            7,
            18,
            26
          ],
          "objective": {
            "collateral_drop_pp": 21.64753390053288,
            "kind": "task",
            "mean_drop_pp": 19.021739130434785,
            "objective_vector": [
              19.021739130434785,
              25.0,
              21.64753390053288,
              5.978260869565216
            ],
            "selection_score": 19.904738780732107,
            "source_variability_pp": 5.978260869565216,
            "target_capability": "attribute",
            "worst_source_drop_pp": 25.0
          }
        }
      ]
    }
  },
  "evidence_status": "processed-v2 method-selection evidence; not sealed external-heldout evidence",
  "family": "attribute",
  "input_hashes": {
    "all_manifest": "ec3712d74a43caf8dd3d1818788ee0a92bc82e7aa597d640b00f089c6ed357c8",
    "baseline_predictions": "311e8cd4ca9340d9f674da880e70479812af82b0aac8ebfd20bb6f385a053ca1",
    "model_config": "7dcadbceb366f47810a30c57005366ceea99daeef48ec3e1c813638c6c7f42e2",
    "phase3_summaries": {},
    "prepared_manifests": {
      "development": {
        "path": "/home/ubuntu/vlm-bench/data/processed-v2/robust-route-search-smolvlm2-2b-k4/prepared/development-evaluation.jsonl",
        "sha256": "21d99d04e6b4d869bf5ef8ac0118084421bb9b177a2c3aa5a845e4b601ff757b"
      },
      "scout": {
        "path": "/home/ubuntu/vlm-bench/data/processed-v2/robust-route-search-smolvlm2-2b-k4/prepared/scout-task-attribute.jsonl",
        "sha256": "6c98823419f2834d8826263597f9ee5c63121b07850faef996bc9057c084b276"
      },
      "selection": {
        "path": "/home/ubuntu/vlm-bench/data/processed-v2/robust-route-search-smolvlm2-2b-k4/prepared/selection.jsonl",