{
  "capability_counts": {
    "attribute": 360,
    "counting": 360,
    "object": 360,
    "ocr": 340,
    "spatial": 360
  },
  "capability_rankings_least_to_most_sensitive": {
    "attribute": [
      8,
      9,
      20,
      25,
      6,
      5,
      11,
      16,
      21,
      22,
      23,
      3,
      7,
      10,
      13,
      18,
      24,
      4,
      14,
      26,
      27,
      19,
      28,
      2,
      12,
      17,
      29,
      30,
      31,
      1,
      15,
      0
    ],
    "counting": [
      24,
      30,
      28,
      12,
      27,
      11,
      17,
      25,
      18,
      20,
      21,
      29,
      9,
      19,
      3,
      6,
      10,
      2,
      13,
      23,
      8,
      16,
      22,
      4,
      14,
      5,
      26,
      7,
      1,
      31,
      15,
      0
    ],
    "object": [
      30,
      9,
      10,
      2,
      21,
      3,
      20,
      23,
      7,
      17,
      25,
      5,
      6,
      12,
      4,
      22,
      24,
      28,
      18,
      11,
      29,
      26,
      1,
      8,
      14,
      19,
      13,
      16,
      27,
      31,
      15,
      0
    ],
    "ocr": [
      5,
      9,
      28,
      4,
      6,
      25,
      8,
      11,
      3,
      27,
      24,
      2,
      10,
      26,
      22,
      29,
      13,
      12,
      20,
      30,
      1,
      21,
      19,
      17,
      7,
      18,
      23,
      31,
      16,
      14,
      0,
      15
    ],
    "spatial": [
      16,
      22,
      29,
      3,
      4,
      19,
      20,
      26,
      28,
      30,
      6,
      10,
      18,
      25,
      2,
      8,
      13,
      17,
      24,
      27,
      5,
      7,
      12,
      21,
      23,
      9,
      11,
      14,
      1,
      31,
      15,
      0
    ]
  },
  "discovery_examples": 1780,
  "generic_macro_ranking_least_to_most_sensitive": [
    28,
    9,
    25,
    24,
    6,
    3,
    5,
    20,
    10,
    30,
    4,
    11,
    8,
    27,
    22,
    12,
    2,
    29,
    26,
    21,
    13,
    19,
    17,
    18,
    7,
    1,
    23,
    16,
    14,
    31,
    15,
    0
  ],
  "route_assignments": 40,
  "single_block_accuracy_drops": {
    "0": {
      "attribute": 0.23888888888888893,
      "counting": 0.14722222222222225,
      "object": 0.11944444444444446,
      "ocr": 0.27941176470588236,
      "spatial": 0.15555555555555556
    },
    "1": {
      "attribute": 0.025000000000000022,
      "counting": 0.02777777777777779,
      "object": 0.01666666666666672,
      "ocr": 0.07352941176470595,
      "spatial": 0.03888888888888886
    },
    "10": {
      "attribute": 0.005555555555555536,
      "counting": 0.005555555555555536,
      "object": -0.011111111111111072,
      "ocr": 0.044117647058823595,
      "spatial": 0.011111111111111072
    },
    "11": {
      "attribute": 0.002777777777777768,
      "counting": -0.016666666666666607,
      "object": 0.011111111111111183,
      "ocr": 0.032352941176470584,
      "spatial": 0.030555555555555558
    },
    "12": {
      "attribute": 0.01388888888888895,
      "counting": -0.019444444444444375,
      "object": 0.002777777777777879,
      "ocr": 0.055882352941176494,
      "spatial": 0.019444444444444486
    },
    "13": {
      "attribute": 0.005555555555555536,
      "counting": 0.008333333333333304,
      "object": 0.022222222222222254,
      "ocr": 0.05294117647058827,
      "spatial": 0.01388888888888895
    },
    "14": {
      "attribute": 0.008333333333333415,
      "counting": 0.01666666666666672,
      "object": 0.019444444444444486,
      "ocr": 0.25588235294117656,
      "spatial": 0.033333333333333326
    },
    "15": {
      "attribute": 0.033333333333333326,
      "counting": 0.07777777777777783,
      "object": 0.07500000000000007,
      "ocr": 0.6382352941176471,
      "spatial": 0.10555555555555562
    },
    "16": {
      "attribute": 0.002777777777777768,
      "counting": 0.011111111111111183,
      "object": 0.022222222222222254,
      "ocr": 0.16176470588235303,
      "spatial": -0.002777777777777768
    },
    "17": {
      "attribute": 0.01666666666666672,
      "counting": -0.016666666666666607,
      "object": 0.0,
      "ocr": 0.12941176470588245,
      "spatial": 0.01388888888888895
    },
    "18": {
      "attribute": 0.005555555555555536,
      "counting": -0.008333333333333304,
      "object": 0.008333333333333415,
      "ocr": 0.13823529411764712,
      "spatial": 0.011111111111111072
    },
    "19": {
      "attribute": 0.011111111111111183,
      "counting": 0.0,
      "object": 0.019444444444444486,
      "ocr": 0.09411764705882353,
      "spatial": 0.005555555555555536
    },
    "2": {
      "attribute": 0.01388888888888895,
      "counting": 0.008333333333333304,
      "object": -0.005555555555555536,
      "ocr": 0.044117647058823595,
      "spatial": 0.01388888888888895
    },
    "20": {
      "attribute": -0.002777777777777768,
      "counting": -0.008333333333333304,
      "object": -0.002777777777777768,
      "ocr": 0.061764705882352944,
      "spatial": 0.005555555555555536
    },
    "21": {
      "attribute": 0.002777777777777768,
      "counting": -0.008333333333333304,
      "object": -0.005555555555555536,
      "ocr": 0.08529411764705885,
      "spatial": 0.019444444444444486
    },
    "22": {
      "attribute": 0.002777777777777768,
      "counting": 0.011111111111111183,
      "object": 0.005555555555555647,
      "ocr": 0.04705882352941182,
      "spatial": 0.002777777777777768
    },
    "23": {
      "attribute": 0.002777777777777768,
      "counting": 0.008333333333333304,
      "object": -0.002777777777777768,
      "ocr": 0.15588235294117647,
      "spatial": 0.022222222222222254
    },
    "24": {
      "attribute": 0.005555555555555536,
      "counting": -0.03888888888888886,
      "object": 0.005555555555555647,
      "ocr": 0.04117647058823537,
      "spatial": 0.01388888888888895
    },
    "25": {
      "attribute": -0.002777777777777768,
      "counting": -0.016666666666666607,
      "object": 0.0,
      "ocr": 0.02941176470588236,
      "spatial": 0.011111111111111072
    },
    "26": {
      "attribute": 0.008333333333333415,
      "counting": 0.019444444444444486,
      "object": 0.01388888888888895,
      "ocr": 0.044117647058823595,
      "spatial": 0.005555555555555536
    },
    "27": {
      "attribute": 0.008333333333333415,
      "counting": -0.019444444444444375,
      "object": 0.022222222222222254,
      "ocr": 0.038235294117647145,
      "spatial": 0.01666666666666672
    },
    "28": {
      "attribute": 0.011111111111111183,
      "counting": -0.022222222222222254,
      "object": 0.005555555555555647,
      "ocr": 0.01176470588235301,
      "spatial": 0.008333333333333304
    },
    "29": {
      "attribute": 0.019444444444444486,
      "counting": -0.005555555555555536,
      "object": 0.011111111111111183,
      "ocr": 0.050000000000000044,
      "spatial": 0.002777777777777768
    },
    "3": {
      "attribute": 0.005555555555555536,
      "counting": 0.002777777777777768,
      "object": -0.002777777777777768,
      "ocr": 0.03529411764705892,
      "spatial": 0.005555555555555536
    },
    "30": {
      "attribute": 0.022222222222222254,
      "counting": -0.025000000000000022,
      "object": -0.016666666666666607,
      "ocr": 0.0676470588235295,
      "spatial": 0.008333333333333304
    },
    "31": {
      "attribute": 0.022222222222222254,
      "counting": 0.06944444444444442,
      "object": 0.04166666666666674,
      "ocr": 0.1588235294117647,
      "spatial": 0.05555555555555558
    },
    "4": {
      "attribute": 0.008333333333333415,
      "counting": 0.01388888888888895,
      "object": 0.005555555555555647,
      "ocr": 0.026470588235294135,
      "spatial": 0.005555555555555536
    },
    "5": {
      "attribute": 0.002777777777777768,
      "counting": 0.019444444444444486,
      "object": 0.002777777777777879,