{
  "allowed_blocks": [
    0,
    1,
    2,
    3,
    4,
    5,
    6,
    7,
    8,
    9,
    10,
    11,
    12,
    13,
    14,
    15,
    16,
    17,
    18,
    19,
    20,
    21,
    22,
    23,
    24,
    25,
    26
  ],
  "capability_counts": {
    "attribute": 194,
    "counting": 179,
    "object": 167,
    "ocr": 185,
    "spatial": 179
  },
  "capability_rankings_least_to_most_sensitive": {
    "attribute": [
      4,
      5,
      6,
      8,
      7,
      12,
      22,
      10,
      13,
      18,
      2,
      3,
      9,
      11,
      15,
      21,
      24,
      16,
      19,
      23,
      25,
      14,
      20,
      17,
      1,
      26,
      0
    ],
    "counting": [
      22,
      10,
      24,
      3,
      16,
      18,
      20,
      4,
      6,
      7,
      9,
      11,
      17,
      19,
      5,
      8,
      13,
      15,
      21,
      23,
      1,
      12,
      14,
      25,
      2,
      26,
      0
    ],
    "object": [
      24,
      15,
      14,
      23,
      12,
      16,
      7,
      11,
      21,
      10,
      17,
      18,
      1,
      4,
      9,
      20,
      5,
      8,
      13,
      22,
      19,
      25,
      3,
      6,
      0,
      2,
      26
    ],
    "ocr": [
      7,
      23,
      25,
      5,
      24,
      1,
      22,
      4,
      19,
      9,
      18,
      8,
      3,
      20,
      21,
      10,
      6,
      11,
      16,
      17,
      0,
      12,
      13,
      14,
      15,
      2,
      26
    ],
    "spatial": [
      7,
      11,
      25,
      1,
      4,
      10,
      13,
      14,
      17,
      5,
      12,
      15,
      18,
      6,
      23,
      3,
      8,
      16,
      19,
      20,
      21,
      22,
      24,
      0,
      9,
      2,
      26
    ]
  },
  "discovery_examples": 904,
  "evidence_status": "development-only one-block discovery for the current model",
  "generic_macro_ranking_least_to_most_sensitive": [
    7,
    24,
    4,
    5,
    23,
    22,
    18,
    10,
    25,
    11,
    1,
    8,
    19,
    20,
    9,
    3,
    16,
    21,
    6,
    17,
    15,
    12,
    13,
    14,
    2,
    0,
    26
  ],
  "schema_version": 1,
  "single_block_accuracy_drops": {
    "0": {
      "attribute": 0.08762886597938147,
      "counting": 0.09497206703910621,
      "object": 0.07784431137724557,
      "ocr": 0.16756756756756763,
      "spatial": 0.033519553072625774
    },
    "1": {
      "attribute": 0.03608247422680422,
      "counting": 0.022346368715083775,
      "object": 0.029940119760479056,
      "ocr": 0.043243243243243246,
      "spatial": -0.011173184357541888
    },
    "10": {
      "attribute": 0.005154639175257825,
      "counting": -0.022346368715083775,
      "object": 0.017964071856287456,
      "ocr": 0.10810810810810811,
      "spatial": -0.011173184357541888
    },
    "11": {
      "attribute": 0.010309278350515538,
      "counting": 0.0,
      "object": 0.0119760479041916,
      "ocr": 0.11891891891891893,
      "spatial": -0.022346368715083775
    },
    "12": {
      "attribute": 0.0,
      "counting": 0.027932960893854775,
      "object": 0.005988023952095856,
      "ocr": 0.16756756756756763,
      "spatial": 0.005586592178770999
    },
    "13": {
      "attribute": 0.005154639175257825,
      "counting": 0.005586592178770999,
      "object": 0.041916167664670656,
      "ocr": 0.17297297297297298,
      "spatial": -0.005586592178770888
    },
    "14": {
      "attribute": 0.020618556701030966,
      "counting": 0.027932960893854775,
      "object": 0.0,
      "ocr": 0.17837837837837844,
      "spatial": -0.005586592178770888
    },
    "15": {
      "attribute": 0.010309278350515538,
      "counting": 0.005586592178770999,
      "object": -0.0059880239520957446,
      "ocr": 0.1837837837837838,
      "spatial": 0.005586592178770999
    },
    "16": {
      "attribute": 0.015463917525773252,
      "counting": -0.011173184357541888,
      "object": 0.005988023952095856,
      "ocr": 0.11891891891891893,
      "spatial": 0.016759776536312887
    },
    "17": {
      "attribute": 0.02577319587628868,
      "counting": 0.0,
      "object": 0.0239520958083832,
      "ocr": 0.145945945945946,
      "spatial": 0.0
    },
    "18": {
      "attribute": 0.005154639175257825,
      "counting": -0.011173184357541888,
      "object": 0.0239520958083832,
      "ocr": 0.06486486486486487,
      "spatial": 0.005586592178770999
    },
    "19": {
      "attribute": 0.015463917525773252,
      "counting": 0.0,
      "object": 0.04790419161676651,
      "ocr": 0.05945945945945952,
      "spatial": 0.016759776536312887
    },
    "2": {
      "attribute": 0.010309278350515538,
      "counting": 0.05027932960893855,
      "object": 0.09580838323353291,
      "ocr": 0.21621621621621623,
      "spatial": 0.07262569832402244
    },
    "20": {
      "attribute": 0.020618556701030966,
      "counting": -0.005586592178770888,
      "object": 0.029940119760479056,
      "ocr": 0.08108108108108114,
      "spatial": 0.016759776536312887
    },
    "21": {
      "attribute": 0.010309278350515538,
      "counting": 0.016759776536312887,
      "object": 0.0119760479041916,
      "ocr": 0.10270270270270276,
      "spatial": 0.022346368715083886
    },
    "22": {
      "attribute": 0.0,
      "counting": -0.027932960893854775,
      "object": 0.041916167664670656,
      "ocr": 0.043243243243243246,
      "spatial": 0.027932960893854775
    },
    "23": {
      "attribute": 0.015463917525773252,
      "counting": 0.016759776536312887,
      "object": 0.0,
      "ocr": 0.032432432432432434,
      "spatial": 0.011173184357541999
    },
    "24": {
      "attribute": 0.010309278350515538,
      "counting": -0.022346368715083775,
      "object": -0.0239520958083832,
      "ocr": 0.037837837837837895,
      "spatial": 0.027932960893854775
    },
    "25": {
      "attribute": 0.015463917525773252,
      "counting": 0.027932960893854775,
      "object": 0.04790419161676651,
      "ocr": 0.032432432432432434,
      "spatial": -0.022346368715083775
    },
    "26": {
      "attribute": 0.04123711340206193,
      "counting": 0.05027932960893855,
      "object": 0.13772455089820357,
      "ocr": 0.2702702702702703,
      "spatial": 0.1061452513966481
    },
    "3": {
      "attribute": 0.010309278350515538,
      "counting": -0.011173184357541888,
      "object": 0.053892215568862256,
      "ocr": 0.07567567567567568,
      "spatial": 0.016759776536312887
    },
    "4": {
      "attribute": -0.015463917525773141,
      "counting": 0.0,
      "object": 0.029940119760479056,
      "ocr": 0.04864864864864871,
      "spatial": -0.011173184357541888
    },
    "5": {
      "attribute": -0.010309278350515427,
      "counting": 0.005586592178770999,
      "object": 0.03592814371257491,
      "ocr": 0.037837837837837895,
      "spatial": 0.005586592178770999
    },
    "6": {
      "attribute": -0.010309278350515427,
      "counting": 0.0,
      "object": 0.05988023952095811,
      "ocr": 0.11351351351351358,
      "spatial": 0.011173184357541999
    },
    "7": {
      "attribute": 0.0,
      "counting": 0.0,
      "object": 0.0119760479041916,
      "ocr": 0.027027027027027084,
      "spatial": -0.022346368715083775
    },
    "8": {
      "attribute": -0.005154639175257714,
      "counting": 0.005586592178770999,
      "object": 0.03592814371257491,
      "ocr": 0.07027027027027033,
      "spatial": 0.016759776536312887
    },
    "9": {
      "attribute": 0.010309278350515538,
      "counting": 0.0,
      "object": 0.029940119760479056,
      "ocr": 0.06486486486486487,
      "spatial": 0.03910614525139666
    }
  }
}
